q;1565693388969;0.000558188369357961,-0.000639547441694978,9.91219764624611e-05,0.999999634789757,
v;1565693388969;0.00111650334938502,-0.00127898490465501,0.000197530029039979
q;1565693388994;-0.000239506657517367,0.00144772436704814,-0.0029065105797727,0.999994699449436,
v;1565693388994;-0.000470595140991246,0.00289683001617349,-0.00581371722021085
q;1565693389019;-9.2670208648641e-06,3.00062191097807e-05,-9.54448162330867e-05,0.999999994952018,
v;1565693389019;-1.85283137610912e-05,6.00142069411537e-05,-0.000190890188831159
q;1565693389043;-4.20124273425708e-05,3.60394512463259e-05,-7.86482841872889e-05,0.999999995375281,
v;1565693389043;-8.40191855133947e-05,7.2085510886821e-05,-0.000157299597060667
q;1565693389067;-6.08495365672686e-05,4.96033084847337e-05,-7.32754209399549e-05,0.999999994233779,
v;1565693389067;-0.000121691803326529,9.92155348456432e-05,-0.000146556879321352
q;1565693389093;-5.586099905228e-05,4.55898989585267e-05,-8.47491410679176e-05,0.999999993809347,
v;1565693389093;-0.000111714270235739,9.11892663913737e-05,-0.000169503376350521
q;1565693389117;-5.74711582883089e-05,4.34558762491277e-05,-9.26314068987139e-05,0.999999993114038,
v;1565693389117;-0.000114934265280264,8.69223998518556e-05,-0.000185267809724344
q;1565693389142;-5.63563734122398e-05,2.93429497745022e-05,-0.000101751485121637,0.999999992804793,
v;1565693389142;-0.000112706774874669,5.86973682226454e-05,-0.000203506278800744
q;1565693389168;-4.39473240072349e-05,2.26385136513454e-05,-0.000106604680099441,0.999999993095786,
v;1565693389168;-8.78898207777675e-05,4.52863971613121e-05,-0.000213211350969915
q;1565693389192;-3.93770042696062e-05,1.0557969081645e-05,-0.000105813707860471,0.99999999357072,
v;1565693389192;-7.87517737585698e-05,2.11242713482579e-05,-0.000211628248078641
q;1565693389216;-3.41937833165557e-05,-7.99984439981197e-06,-9.77095936749646e-05,0.999999994609811,
v;1565693389216;-6.83891296408912e-05,-1.59930066301165e-05,-0.000195418640907474
q;1565693389241;-3.30703588988191e-05,-5.39602268100171e-05,5.01872300774905e-06,0.999999997984729,
v;1565693389241;-6.6140176089705e-05,-0.000107920785790029,1.00410149855347e-05
q;1565693389265;-0.000370274728990129,-0.00103148521356647,-0.000191253860520961,0.999999381178229,
v;1565693389265;-0.000740943618566484,-0.00206282954680384,-0.000381743732581963
q;1565693389289;-0.00767601501799193,-0.00814795762132504,0.00419605354526094,0.999928538803994,
v;1565693389289;-0.0152831493810715,-0.0163618094103026,0.00851769279211027
q;1565693389313;-0.000439043270648038,-0.00102892988690985,5.60203012288088e-05,0.999999372702813,
v;1565693389313;-0.000877970821345218,-0.00205790991929297,0.000112944065431112
q;1565693389338;-0.000423398657462854,-0.00102949844715546,3.34336376576618e-05,0.999999379874166,
v;1565693389338;-0.000846728051225429,-0.00205902612199915,6.7739034704469e-05
q;1565693389363;-0.000407293524034253,-0.00101975911100128,1.40949391318556e-05,0.999999397002155,
v;1565693389363;-0.000814557900066219,-0.00203953056431787,2.90205534609547e-05
q;1565693389387;-0.000388338895887284,-0.00102423853257943,-4.72110229942194e-07,0.999999400063874,
v;1565693389387;-0.000776678371010335,-0.00204847752003343,-1.48716616533312e-07
q;1565693389412;-0.000133639100670609,0.000603567815889154,-0.00015569569771844,0.999999796802645,
v;1565693389412;-0.00026709020438214,0.00120717733681452,-0.000311552668835981
q;1565693389437;-5.03911212144945e-05,-0.000836897130854218,0.000354848335398953,0.999999585573207,
v;1565693389437;-0.00010018825772217,-0.00167383012045179,0.000709780784208995
q;1565693389461;-0.000229143759603729,-0.00079190698025706,-3.55124268227318e-05,0.999999659557612,
v;1565693389461;-0.000458343624312387,-0.00158379797491319,-7.06619158612593e-05
q;1565693389489;-0.000206532342743511,-0.000758454936710422,-7.12043782057061e-05,0.99999968851017,
v;1565693389489;-0.000413172579201461,-0.0015168807000845,-0.00014209543370949
q;1565693389515;-0.000178773426681346,-0.000739735970002815,-0.000128833892737351,0.999999702116248,
v;1565693389515;-0.00035773736061482,-0.0014794260694778,-0.000257403237764418
q;1565693389540;-0.000173077373745706,-0.000773249454239397,-0.000208894535071955,0.999999664246232,
v;1565693389540;-0.000346477693371384,-0.00154642678858599,-0.000417521303091788
q;1565693389564;-0.000101794664336231,-0.00192617729532971,-0.000393250413000021,0.999998062414616,
v;1565693389564;-0.000205103875672591,-0.00385227667381378,-0.000786107250444306
q;1565693389589;0.00161410913902555,-0.00525020745356251,-0.0020277714369987,0.999982858911282,
v;1565693389589;0.00320687599806122,-0.01050702835791,-0.00407245437069113
q;1565693389613;0.000153607219267917,-0.00512460060307381,-0.000648030143195691,0.999986647376061,
v;1565693389613;0.00030056854961734,-0.0102494433511899,-0.00129761775465441
q;1565693389638;0.000611012078723516,-0.00875729941801217,-0.000708544165839123,0.999961216416071,
v;1565693389638;0.0012095671910917,-0.0175156938484374,-0.00142773653284045
q;1565693389664;0.00028875076086173,-0.0120163508760484,-0.000908619834640201,0.999927346533046,
v;1565693389664;0.000555623003332159,-0.0240337978124553,-0.00182404839447281
q;1565693389690;0.000683923683645891,-0.0172725323049435,-0.00167798199291528,0.999849176752474,
v;1565693389690;0.00130967544215363,-0.0345490520194522,-0.00337909334483608
q;1565693389714;0.000295922461570976,-0.0231753983105804,-0.00161180941093094,0.999730071275975,
v;1565693389714;0.000516976540027161,-0.0463558456309773,-0.00323647099907318
q;1565693389739;0.000465742169646357,-0.0296472380784193,-0.00212787799478417,0.999558050587255,
v;1565693389739;0.000804901346220981,-0.0593050296567059,-0.00428150556650628
q;1565693389763;0.000821202733630883,-0.0374033186631406,-0.00269360666299409,0.999296283322519,
v;1565693389763;0.00143975051981035,-0.0748283072964603,-0.00544488621632097
q;1565693389788;0.00114241780333901,-0.0465441417660421,-0.00299095934904588,0.998911103107277,
v;1565693389788;0.00200392572556855,-0.0931284981533039,-0.0060818004216209
q;1565693389812;0.00129113856895013,-0.0537721128738576,-0.00326199257864848,0.998547070619454,
v;1565693389812;0.00222771864790639,-0.107604193363115,-0.00665342636372876
q;1565693389835;0.001270815148809,-0.0572027246224969,-0.00341088315054999,0.99835594814713,
v;1565693389835;0.00214722975645801,-0.114476160537257,-0.00695601127268722
q;1565693389860;0.00133500780160041,-0.0668658721967479,-0.00379801652699112,0.997753851388206,
v;1565693389860;0.00215610464651528,-0.133841048161463,-0.00775759999745433
q;1565693389884;0.00171283677360458,-0.0774991572348936,-0.00409883077489638,0.996982520611243,
v;1565693389884;0.00278002836741558,-0.155167155517463,-0.0084385448461384
q;1565693389908;0.00184951353253659,-0.0922433179528149,-0.00483502865254749,0.995723039851282,
v;1565693389908;0.00279121192743503,-0.184765667398705,-0.00997011339825236
q;1565693389932;0.0024281489513175,-0.111248635675564,-0.00543075204081327,0.993774799481888,
v;1565693389932;0.00361774685551218,-0.222983258192573,-0.011334462416713
q;1565693389956;0.00257848612062455,-0.128094702768866,-0.00622751932277908,0.99173903650858,
v;1565693389956;0.00351895347110901,-0.256923997799376,-0.0130131766995146
q;1565693389980;0.0036106897766556,-0.150915635419304,-0.00741795203220441,0.98851221939487,
v;1565693389980;0.00489947164223719,-0.303037893469096,-0.0157561325576042
q;1565693390005;0.00292532844617372,-0.171146842696263,-0.00832787703867707,0.985205992243557,
v;1565693390005;0.00291352662781396,-0.344026037759811,-0.0174116238253181
q;1565693390030;0.00659887270831471,-0.20000725894493,-0.0118995921175104,0.979699929037332,
v;1565693390030;0.00816991153064897,-0.402874508147663,-0.0259594858165314
q;1565693390056;0.00631594928383879,-0.226847162857812,-0.0108358450380402,0.973849607460165,
v;1565693390056;0.00738547519375789,-0.457803626944092,-0.0239734272673305
q;1565693390085;0.0111957225572958,-0.254180325633562,-0.0199108326670291,0.966887054727563,
v;1565693390085;0.0115283699141217,-0.514392274921891,-0.0442118564731315
q;1565693390109;0.00457975837346451,-0.283231656102276,-0.0129566334995683,0.958953064775936,
v;1565693390109;0.00144408963106433,-0.574399755706134,-0.0274473466647633
q;1565693390133;0.0124979440396187,-0.314743960525891,-0.0217956973063956,0.948844027375515,
v;1565693390133;0.00999723745539975,-0.640829448862758,-0.0492511081686303
q;1565693390157;0.0139250178401537,-0.348125373218877,-0.0205388466589476,0.937119509015413,
v;1565693390157;0.0117988982055899,-0.711654547789582,-0.0482120415976555
q;1565693390181;0.0123666356924737,-0.378871638377468,-0.0132636406562924,0.925271540571395,
v;1565693390181;0.0128349099751844,-0.777505869669405,-0.0339249742618072
q;1565693390207;0.00126824385278647,-0.415056066196825,-0.0194800608325407,0.909586378911155,
v;1565693390207;-0.0138639242924356,-0.85592969711422,-0.0365019930645074
q;1565693390235;0.0236713747105332,-0.459210139572217,-0.00151747637631307,0.888010929549196,
v;1565693390235;0.0406583990210479,-0.954999965769251,-0.0244579911648414
q;1565693390263;-0.0110549105397802,-0.519389137966504,-0.0162472879901662,0.854311850525518,
v;1565693390263;-0.0357736417202397,-1.0922153222665,-0.0162880413871026
q;1565693390291;0.0138478325926723,-0.636736575345651,0.0431470998065745,0.769748724537988,
v;1565693390291;0.0763395020179243,-1.38034623216296,0.0489520686967021
q;1565693390318;0.0452722257803305,-0.600865793311721,-0.0721132017628538,0.794802120110585,
v;1565693390318;-0.0146963193235151,-1.29340147590869,-0.169870557469313
q;1565693390350;0.0427174112698125,-0.516259002841574,-0.000431506720577803,0.855366400182623,
v;1565693390350;0.0726965522163381,-1.08769178086678,-0.0449786121593273
q;1565693390381;-0.00180550292752968,-0.481815165056408,-0.0248045805712813,0.875919870572376,
v;1565693390381;-0.0270687034304889,-1.00522520457473,-0.041741219557254
q;1565693390410;0.033441255759615,-0.446679193478334,0.00945874612299988,0.894018966604482,
v;1565693390410;0.0682973674873022,-0.927147896028634,-0.0129930857063057
q;1565693390437;0.0165710668896845,-0.418680410774926,-0.00822579385837596,0.90794517989297,
v;1565693390437;0.0232053656961403,-0.864475831029569,-0.0288248529259764
q;1565693390464;0.0168744680463165,-0.398213586480323,-0.00800670446547109,0.917102548548544,
v;1565693390464;0.0245769524132592,-0.819634365300008,-0.0281374320103623
q;1565693390491;0.0227416748174667,-0.378778387536398,-0.0234161021924782,0.924911582541777,
v;1565693390491;0.0243314507395708,-0.778125884769104,-0.0605987658311277
q;1565693390518;0.017326666950308,-0.361412268201907,-0.00731043650314787,0.932216453686417,
v;1565693390518;0.0270235341265204,-0.740054914674163,-0.0261664969082386
q;1565693390543;0.0171203864146599,-0.343883721776958,-0.00767197733559153,0.93882480742128,
v;1565693390543;0.0268727849498075,-0.702580400910276,-0.0261925802829953
q;1565693390567;0.0171953587117817,-0.333634227033317,-0.0074153280317534,0.942516596724342,
v;1565693390567;0.0274692618784577,-0.680786071731468,-0.025464417403081
q;1565693390593;0.0174148372642335,-0.330623762176139,-0.00795424250287958,0.943568429608453,
v;1565693390593;0.0276079651324533,-0.674423702450793,-0.0265394899899205
q;1565693390617;0.0168461062153505,-0.31223817978572,-0.00727705465637193,0.949826601156764,
v;1565693390617;0.0274608622560853,-0.635541340936451,-0.0243554648203138
q;1565693390642;0.017204712685766,-0.304919086167299,-0.00717683067513631,0.952195800165995,
v;1565693390642;0.0283916192076117,-0.620161403611116,-0.0241716809245751
q;1565693390673;0.0169841401712488,-0.296537474634734,-0.00680947659237013,0.954845901781244,
v;1565693390673;0.0283997607579198,-0.602561884584405,-0.0230882303223927
q;1565693390697;0.0169745586596228,-0.295923315745515,-0.00665295824247359,0.955037692294453,
v;1565693390697;0.0284890093039865,-0.601271282869211,-0.0227651904052918
q;1565693390724;0.0168897149631325,-0.29336362638291,-0.00674798683771746,0.955827905492182,
v;1565693390724;0.0283318841374277,-0.595911611348883,-0.0228206226164011
q;1565693390749;0.0168518557939296,-0.291342075593333,-0.00650091624469412,0.956448403225835,
v;1565693390749;0.0284517187241178,-0.59167511880409,-0.0222657416329139
q;1565693390772;0.0168507026567082,-0.290564939897967,-0.00634734657249385,0.956685831772142,
v;1565693390772;0.0285569054095861,-0.59004629716979,-0.0219479898790611
q;1565693390796;0.0168178072049614,-0.280579421430522,-0.00603736421488226,0.959664472544371,
v;1565693390796;0.0288950045191889,-0.569192753185126,-0.0210354806493957
q;1565693390819;0.0167714548579531,-0.277095181638474,-0.00604154175173934,0.960677093714611,
v;1565693390819;0.0288797551147729,-0.561932848976215,-0.0209127643165365
q;1565693390843;0.0168070072630016,-0.276123203279379,-0.00600640999436622,0.960956515226665,
v;1565693390843;0.0289886478169993,-0.559909858817692,-0.0208356678091175
q;1565693390866;0.0167992518406001,-0.275796091922881,-0.00590480124732666,0.961051213068217,
v;1565693390866;0.029036920711159,-0.559226126438857,-0.0206261254584094
q;1565693390889;0.0166649850177509,-0.272045709047045,-0.00551357332795904,0.962124218057422,
v;1565693390889;0.029071778345356,-0.551409883002232,-0.0196863497579545
q;1565693390913;0.0164620200255155,-0.256276593668621,-0.00530670445316952,0.966448730312237,
v;1565693390913;0.0291035367745135,-0.518687883646843,-0.0187039872071959
q;1565693390937;0.0165229941768411,-0.252683878930318,-0.00529686229483223,0.967393297083451,
v;1565693390937;0.0292957945153039,-0.511257532113844,-0.0186075443133198
q;1565693390960;0.0164756850157147,-0.239061405314744,-0.00486959096961927,0.970852451908111,
v;1565693390960;0.0296670074867054,-0.48312816813291,-0.0173412089417636
q;1565693390984;0.0164148258122098,-0.238572986564913,-0.00473989005630233,0.970974261768718,
v;1565693390984;0.0296194580258379,-0.482116470414001,-0.0170451919710325
q;1565693391008;0.0164327517061827,-0.238076181135467,-0.00463186441446081,0.971096412556118,
v;1565693391008;0.0297144718162265,-0.481090710406789,-0.0168286902399631
q;1565693391032;0.0163402332752546,-0.237338230864156,-0.0046036234652249,0.971278728068196,
v;1565693391032;0.029560915387892,-0.479567129592278,-0.0167072033450551
q;1565693391055;0.0163317832513297,-0.237262090131092,-0.00458328470307964,0.971297568690351,
v;1565693391055;0.0295554660334515,-0.479409510072653,-0.0166613396783817
q;1565693391079;0.0163239584142307,-0.235820230506742,-0.00446880303086735,0.971649307654212,
v;1565693391079;0.0296189879840372,-0.476437326392959,-0.0163911809927113
q;1565693391105;0.0162919018374091,-0.235663989626442,-0.00441859515878755,0.971687981784632,
v;1565693391105;0.0295829976607408,-0.476113337840373,-0.0162736592269675
q;1565693391130;0.0163047312398023,-0.232522253174112,-0.00448107663455172,0.972444074212099,
v;1565693391130;0.0296313144118235,-0.469650403985809,-0.0163054984350428
q;1565693391158;0.0162454718023893,-0.218666323035226,-0.00379282842860031,0.975657080263698,
v;1565693391158;0.0300458119224954,-0.44117543698594,-0.0145127343985389
q;1565693391186;0.0161878299820791,-0.218033451574313,-0.00366449620283746,0.975800153526655,
v;1565693391186;0.029998707668805,-0.439872804872457,-0.0142174843999432
q;1565693391213;0.0160760801590779,-0.202045101926801,-0.00356825243854622,0.979237766841456,
v;1565693391213;0.0300472348988804,-0.407149937810436,-0.0134910202972761
q;1565693391245;0.016078866512747,-0.191393867884227,-0.00368107689097993,0.981374702680329,
v;1565693391245;0.0301542841762688,-0.385419055175907,-0.0133863094854446
q;1565693391273;0.0158770803601812,-0.185649676471482,-0.00368053666137222,0.982480824034319,
v;1565693391273;0.0298356993821016,-0.373712119719117,-0.0131334855163295
q;1565693391300;0.0159077761512322,-0.164581052605422,-0.0025803812251815,0.986231900424006,
v;1565693391300;0.0305328927594244,-0.33086758804898,-0.0103309445034984
q;1565693391326;0.0156377779443354,-0.156584369360561,-0.00276568727279076,0.987536908751682,
v;1565693391326;0.0300241496596569,-0.314658411077881,-0.0103645564090599
q;1565693391353;0.0157317845816155,-0.129389630315737,-0.00282108807311717,0.991465015006943,
v;1565693391353;0.0304697034611542,-0.259687489948518,-0.00966971881120682
q;1565693391379;0.0155740502082685,-0.127035423421139,-0.00235569809762192,0.991773109558227,
v;1565693391379;0.0302979694060482,-0.254921805827563,-0.00863361777261834
q;1565693391404;0.015292223373744,-0.101160136698355,-0.00169417045516355,0.994751177146289,
v;1565693391404;0.0300856878391268,-0.202788313227375,-0.00646745477227759
q;1565693391428;0.0151770677743222,-0.0959865675077367,-0.00142668262348875,0.995265894145152,
v;1565693391428;0.0299410244345414,-0.192377742632542,-0.0057560580250641
q;1565693391454;0.0153316651173421,-0.0914765180421409,-0.00129582850334979,0.99568835863442,
v;1565693391454;0.0302986807288486,-0.183312540342374,-0.00538795635924731
q;1565693391478;0.0153210840501928,-0.0913427092347571,-0.00129815249777758,0.995700802778261,
v;1565693391478;0.0302779038508449,-0.183043659434287,-0.00538657654358072
q;1565693391504;0.0153210840501928,-0.0913427092347571,-0.00129815249777758,0.995700802778261,
v;1565693391504;0.0302779038508449,-0.183043659434287,-0.00538657654358072
q;1565693391528;0.0153210840501928,-0.0913427092347571,-0.00129815249777758,0.995700802778261,
v;1565693391528;0.0302779038508449,-0.183043659434287,-0.00538657654358072
q;1565693391553;0.0153209729918848,-0.0912845823003681,-0.00131929495839258,0.995706107383922,
v;1565693391553;0.0302741344590196,-0.182927509122074,-0.00542691071598981
q;1565693391578;0.0152266676883013,-0.0898186187621652,-0.0011959154427061,0.995841018486897,
v;1565693391578;0.030116401949245,-0.179977790643404,-0.0051195036916267
q;1565693391603;0.0150488564808064,-0.0861953699500314,-0.00111605900427695,0.996163964681566,
v;1565693391603;0.0297942666919746,-0.172696437820267,-0.00481999687676454
q;1565693391627;0.0151535002267362,-0.061252725368081,-0.00138411801655922,0.998006292206205,
v;1565693391627;0.0300815517418428,-0.122665908819178,-0.00462121050398515
q;1565693391654;0.0147779462849703,-0.0484967261667746,-0.000828770663579403,0.998713669173448,
v;1565693391654;0.0294417418316349,-0.097087644175499,-0.00309011731000408
q;1565693391681;0.0147878189572883,-0.0420041094958639,-0.000381405987634721,0.999007922754078,
v;1565693391681;0.0295185419749894,-0.0840717409266332,-0.00200522844224506
q;1565693391707;0.014782524948097,-0.0419506218895904,-0.000370012710557199,0.999010252885239,
v;1565693391707;0.0295090259180432,-0.0839642771888131,-0.00198042870531049
q;1565693391733;0.0147643042973461,-0.0418802708885377,-0.000377595904968482,0.999013471205594,
v;1565693391733;0.0294721165570336,-0.0838235473277279,-0.00199197929478267
q;1565693391757;0.0147649020385207,-0.0418260735791402,-0.000368829071923639,0.99901573621333,
v;1565693391757;0.0294741529234085,-0.083714767181169,-0.00197290602611166
q;1565693391782;0.0147666439078437,-0.0417988274670341,-0.000358556335000339,0.999016854556236,
v;1565693391782;0.0294785470453023,-0.0836599150925992,-0.00195171362769235
q;1565693391806;0.0147643353925171,-0.0417687950565196,-0.000363958380862877,0.999018142825365,
v;1565693391806;0.0294735406827665,-0.083599926855181,-0.00196143218307036
q;1565693391831;0.0147600497328427,-0.0417551942982645,-0.000370481941312336,0.999018772308173,
v;1565693391831;0.0294644575330582,-0.0835728655392995,-0.0019737122795068
q;1565693391865;0.0147544277812634,-0.0417565513802249,-0.000370289301307034,0.999018798703764,
v;1565693391865;0.0294532356550948,-0.083575552341423,-0.00197289694407393
q;1565693391893;0.014749913193234,-0.0417635641928585,-0.000369538084671672,0.999018572504188,
v;1565693391893;0.0294442623283738,-0.0835895526728066,-0.00197122441783742
q;1565693391924;0.0147452173985235,-0.0417737698589423,-0.000371447498092215,0.999018214419736,
v;1565693391924;0.0294346981822504,-0.0836100237196784,-0.00197494903973534
q;1565693391951;0.0147426594859769,-0.0417830521994106,-0.000373875005092859,0.999017863082369,
v;1565693391951;0.0294293649576269,-0.0836286705822394,-0.00197986083642079
q;1565693391980;0.0147409428269724,-0.041795511221626,-0.000373174476490683,0.999017367510248,
v;1565693391980;0.0294259681721929,-0.0836535903100336,-0.00197868393666334
q;1565693392009;0.0147435514783734,-0.0418039343052324,-0.000375483923938557,0.999016975720749,
v;1565693392009;0.0294309715874377,-0.0836705360970637,-0.00198376693335089
q;1565693392035;0.0147507755351045,-0.0418097969851828,-0.00038277194213473,0.999016620974252,
v;1565693392035;0.0294447871944676,-0.0836825217974085,-0.00199911280473137
q;1565693392063;0.0147371718049672,-0.0416944508752164,-0.000351511689984745,0.999021653905928,
v;1565693392063;0.0294204393471504,-0.0834505750074338,-0.00193208946460873
q;1565693392086;0.0147293635624795,-0.0413107442807747,-0.000274882461006259,0.999037733369288,
v;1565693392086;0.0294119091063071,-0.0826799681618325,-0.00176696297348102
q;1565693392113;0.0147312399509619,-0.0413067809189304,-0.000281100021226287,0.999037867852066,
v;1565693392113;0.0294151521611902,-0.082672222472462,-0.00177943004446865
q;1565693392138;0.0147404158636737,-0.0360693380379379,-0.000335170382436467,0.999240516919969,
v;1565693392138;0.0294385146336438,-0.0721876989820459,-0.00173393788979429
q;1565693392166;0.0165611443835712,-0.017837336465872,-0.000488821550796865,0.999703615567135,
v;1565693392166;0.0331010776618137,-0.0357074339147272,-0.00156902689435227
q;1565693392193;0.0145293085176514,-0.00462809767701817,-0.00043669695774404,0.999883637830752,
v;1565693392193;0.0290552815102288,-0.00927185429997715,-0.00100820411195407
q;1565693392218;0.01451519128438,-0.00447407676591067,-0.000436001177556798,0.999884544216003,
v;1565693392218;0.0290272055499803,-0.00896367371535074,-0.00100220819523179
q;1565693392243;0.0144861697147798,-0.00419634161788837,-0.000413418662025323,0.99988617886689,
v;1565693392243;0.0289696239767433,-0.00840733231220285,-0.00094871926177931
q;1565693392267;0.0142763569609795,-0.0018499734872272,-0.000342026109192771,0.999896317749076,
v;1565693392267;0.0285523673700096,-0.00371085015213038,-0.000737103561664185
q;1565693392292;0.0143489828535105,0.0120120949539173,-0.000157111056154363,0.999824880457575,
v;1565693392292;0.028700654689436,0.0240276804495294,3.05681922528691e-05
q;1565693392315;0.0145847939144377,0.0307573678760565,3.04023582125018e-06,0.999420466119525,
v;1565693392315;0.0291566269208652,0.061544160094535,0.000903640883743392
q;1565693392340;0.0140876450030197,0.0523652111730533,0.000446174945029922,0.998528529309498,
v;1565693392340;0.0280907970310534,0.104822017052278,0.0023673780239763
q;1565693392365;0.0136736012285616,0.0755327867160394,6.35459424021865e-06,0.997049562820209,
v;1565693392365;0.0272689356748623,0.151252099950014,0.00207905653848642
q;1565693392390;0.0124894589647482,0.110871684140432,0.00066441904048094,0.99375602721089,
v;1565693392390;0.0246781245234537,0.222268135623382,0.00409125270430889
q;1565693392415;0.0152298380448522,0.147586615128364,-0.000905191025902595,0.988931455510081,
v;1565693392415;0.0303943995760107,0.296331311566162,0.00270635002990328
q;1565693392444;0.0101640109765215,0.186911513407962,0.00381993396276451,0.982316744813471,
v;1565693392444;0.0185416394713882,0.376161875241936,0.0113064958820622
q;1565693392472;0.0138506693827215,0.221956889663884,0.000760023242281555,0.974957804447483,
v;1565693392472;0.0266734144142741,0.447787544254682,0.00763327354191427
q;1565693392496;0.011290036069447,0.253804172437156,0.00527836525457122,0.967175328469084,
v;1565693392496;0.0191607188382529,0.513415911038147,0.0159447281337566
q;1565693392520;0.0119901425466738,0.287348441334416,0.00367769544906982,0.957744007707997,
v;1565693392520;0.0208549259400719,0.58310729549588,0.0139387614255111
q;1565693392543;0.00803841217337613,0.321560977273708,0.00693496848806265,0.946829355288786,
v;1565693392543;0.0107621864957844,0.654891898867991,0.0183042249092539
q;1565693392571;0.0187159919986138,0.3544434397697,-0.00106731687189404,0.934889523142935,
v;1565693392571;0.0357589969822266,0.724972534172837,0.0112793241539121
q;1565693392599;0.00529642297912671,0.388003332552544,0.0204556895865855,0.921415718660846,
v;1565693392599;-0.00611337476670238,0.796988614121187,0.0418194169547052
q;1565693392626;0.0220820408053333,0.43624020481913,0.00706385249199817,0.899531527608236,
v;1565693392626;0.0335702159039014,0.903630051884343,0.0319979494827355
q;1565693392654;0.0818132916757892,0.500525481288473,0.00467792778761757,0.861834638940515,
v;1565693392654;0.136762145303924,1.0585479607784,0.0909356828294227
q;1565693392680;-0.0291322908177096,0.604058358679194,0.000947823041001781,0.796406875016153,
v;1565693392680;-0.0475653279951959,1.29861440447597,-0.0337300394937967
q;1565693392707;-0.00235852769690299,0.515316484386151,0.076373388164574,0.853586822676677,
v;1565693392707;-0.082834042948562,1.08093904718205,0.128747476876128
q;1565693392735;-0.00778500902892152,0.441770681298694,0.00762617853591992,0.897061815138871,
v;1565693392735;-0.0207067925502755,0.915130903513462,0.00680544109125119
q;1565693392765;0.0307784384033649,0.380845293812797,-0.00507497863496436,0.924112436071472,
v;1565693392765;0.0607884699030341,0.782250134209922,0.014090436225012
q;1565693392792;-0.00555573595599249,0.342291960565739,0.0158857404624067,0.939442915125773,
v;1565693392792;-0.0213153301030585,0.698535765143588,0.0260529899398883
q;1565693392816;0.00463617919134077,0.301353096373324,-0.00373452571014012,0.953494032737718,
v;1565693392816;0.0110921876159229,0.612210001795114,-0.00432772178982507
q;1565693392841;0.00735104095803933,0.267668966626594,0.00226157703408493,0.96348023942954,
v;1565693392841;0.0129548197884471,0.542015966204712,0.00829405169774636
q;1565693392865;-0.00478175785700495,0.23605116308479,0.00446292430667132,0.971718614365676,
v;1565693392865;-0.0114002501234291,0.476574134957194,0.00641639521461454
q;1565693392889;0.00439130797510053,0.205757416135297,-0.000899338299551144,0.978592761729933,
v;1565693392889;0.00896481552752476,0.414479677465276,4.69183496171179e-05
q;1565693392913;-0.00147123963079388,0.17980144172678,0.00158945598861423,0.983700539105566,
v;1565693392913;-0.00346609833274531,0.361565554286075,0.00259805394130969
q;1565693392938;0.000741354013558878,0.15568659025133,0.000947758306066148,0.98780576925038,
v;1565693392938;0.0011695212918011,0.312646419816433,0.00210324299130164
q;1565693392963;0.000634763039746287,0.142808317253618,0.00412850234479058,0.989741550642117,
v;1565693392963;7.7333765300351e-05,0.286599315489407,0.00835369669229514
q;1565693392987;0.00150463410862723,0.12459412560882,0.000717060664126622,0.992206392724809,
v;1565693392987;0.00280713575638152,0.249840389843891,0.00179788954435837
q;1565693393012;0.00148160580473799,0.109643614185898,0.000896768647302839,0.993969455525917,
v;1565693393012;0.00274869538013492,0.219732218230664,0.00210762804092371
q;1565693393036;0.00111670073981793,0.106116933819825,0.00100143516571181,0.994352526252006,
v;1565693393036;0.00200825129490534,0.212636698230999,0.00222856722949659
q;1565693393065;0.00109093163201554,0.100922457710477,0.000776892916264665,0.994893393201125,
v;1565693393065;0.00201391082262684,0.202191099038976,0.00176605476167814
q;1565693393089;0.00100979385730624,0.0979882279908452,0.000576133442475478,0.995186894790037,
v;1565693393089;0.00189695977392006,0.196292844894124,0.00134461954908568
q;1565693393114;0.0011449002825449,0.085438916780561,0.000283763806582058,0.996342712213428,
v;1565693393114;0.00223293901651566,0.171087384419402,0.00076109205216709
q;1565693393139;0.00127971905250663,0.0800439275557479,0.000193681490310183,0.996790496778574,
v;1565693393139;0.00252022019367799,0.160260177060396,0.000590989127385106
q;1565693393164;0.00106521902519883,0.0708762436120738,0.000368528319213025,0.997484479872618,
v;1565693393164;0.00207284056912509,0.141872445964431,0.000886202023731554
q;1565693393190;-0.000722972946387257,0.0705161611113063,0.00173436287112238,0.997508867287742,
v;1565693393190;-0.00168694587306642,0.141146882851279,0.00335813322244077
q;1565693393214;0.00127668967459248,0.0670497570218625,0.000350346959277627,0.997748754649081,
v;1565693393214;0.00250065231501501,0.134201401689666,0.000870322780625305
q;1565693393241;0.00132729550387628,0.0662684863200938,0.000351915068407765,0.9978008830239,
v;1565693393241;0.0026021144302945,0.132635438954358,0.000878201145927334
q;1565693393269;0.00127295829268808,0.0659532072904355,0.000355341608087329,0.997821841692008,
v;1565693393269;0.00249350192245217,0.132003439481548,0.000877049438910912
q;1565693393294;0.00120363425656995,0.0658115917547179,0.000326845314783232,0.997831287757318,
v;1565693393294;0.00235902960760461,0.131719441638,0.000810701479913724
q;1565693393318;0.00111757984646319,0.0657656144787399,0.000302074887320187,0.997834427005945,
v;1565693393318;0.00219058876227991,0.131627138238599,0.000749839964254766
q;1565693393344;0.00107901062018883,0.0658395175390128,0.000291589663477498,0.997829599000641,
v;1565693393344;0.00211494280007899,0.131775203811595,0.000723998353731947
q;1565693393369;0.0010540778546997,0.0659116643752425,0.000308321882683783,0.997824857556064,
v;1565693393369;0.00206292761672513,0.131919821215849,0.000754256205357937
q;1565693393397;0.00103749986529977,0.0659940433067014,0.000312990810929403,0.99781942849336,
v;1565693393397;0.00202916537956711,0.132084931254214,0.000761555887723121
q;1565693393424;0.00103053797228766,0.0660729226182225,0.000332915657345777,0.997814209186931,
v;1565693393424;0.00201257880142745,0.132243067877875,0.000800558964950065
q;1565693393451;0.00101887294410437,0.066152241156998,0.000364626455735525,0.997808954627778,
v;1565693393451;0.00198504068368421,0.132402103176083,0.00086245834879754
q;1565693393477;0.00103036167630181,0.0661798335872869,0.000390736347980479,0.997807103255074,
v;1565693393477;0.00200448800842903,0.132457474322715,0.00091613930423905
q;1565693393505;0.00106410966582363,0.0661631312421215,0.000434386720298244,0.997808157434601,
v;1565693393505;0.00206607530865545,0.132424126089725,0.00100768120220504
q;1565693393530;0.00108978209629193,0.0661559965719127,0.000449962688932718,0.997808595887076,
v;1565693393530;0.00211525400381445,0.132409891217574,0.00104214703902244
q;1565693393554;0.0011206070796838,0.0660493959944642,0.000447374657011151,0.997815624945037,
v;1565693393554;0.00217722257542103,0.132196257794118,0.00104082834230333
q;1565693393582;0.0011196352230249,0.0658245459584455,0.000479903207341057,0.997830469197671,
v;1565693393582;0.00217123516434944,0.131745645148236,0.00110512587536451
q;1565693393615;0.00114362469157428,0.0652424843945221,0.000522167052854493,0.997868647515375,
v;1565693393615;0.00221424130625221,0.130579138836985,0.00119133729609303
q;1565693393646;0.0205248177967176,0.0744543108156505,0.021438140395141,0.996782671193564,
v;1565693393646;0.0377341956060876,0.149977538599174,0.0458433339761386
q;1565693393679;0.00102180518221384,0.0518291379040296,0.00101385763569443,0.998654929628342,
v;1565693393679;0.00193576803919512,0.103706910847783,0.00213091202019433
q;1565693393708;0.000816037986567439,0.0453617061545929,0.000863673105614075,0.998969921351747,
v;1565693393708;0.00155204005836125,0.0907560151515314,0.00179960379831799
q;1565693393736;0.0017428197931142,0.0393975209256462,-0.00647868883209227,0.999201093131457,
v;1565693393736;0.00399335405606684,0.0787916365463684,-0.0128101528605078
q;1565693393763;-0.00219946520044398,0.0135762956459548,0.0349499162535811,0.999294426034306,
v;1565693393763;-0.00534483286965626,0.0269833505693143,0.0698485713174526
q;1565693393789;0.000661871467341545,0.0255007267636537,0.000977343240612171,0.999674106727226,
v;1565693393789;0.00127346595409938,0.0510082839881436,0.0019878087898603
q;1565693393816;0.000461341487101023,0.02468694507636,0.000859442724677549,0.999694755045275,
v;1565693393816;0.000879967412764622,0.0493796962124507,0.00174114054600181
q;1565693393844;0.000253009966503971,0.0237462401736778,0.000842159397980418,0.999717631549589,
v;1565693393844;0.000465880827138501,0.0474973582560376,0.00169586026523901
q;1565693393872;0.000170625413965066,0.0222188520710092,0.000754094036296021,0.999752831874858,
v;1565693393872;0.000307656278776007,0.0444416076654639,0.00151539814995795
q;1565693393897;0.000111040684477322,0.019538459484754,0.0007487968473666,0.999808819512116,
v;1565693393897;0.000192778238795059,0.0390795616154714,0.00150164710412777
q;1565693393921;-0.00411569414963247,0.0134840630625225,0.00158405552298293,0.999899360872429,
v;1565693393921;-0.00827337329195317,0.0269565601271111,0.00305690903206537
q;1565693393945;0.000172064475168784,0.0135295266975814,0.00113694315358535,0.999907810581266,
v;1565693393945;0.000313332624916564,0.0270602538106527,0.0022783346636412
q;1565693393970;-0.0252427216009291,-0.0307234730106675,0.0201070801313174,0.999006796043417,
v;1565693393970;-0.0492196528291019,-0.0625174096195699,0.0417880608950726
q;1565693393995;-0.0160878046406719,-0.134794852742419,-0.00656967079889043,0.990721136163748,
v;1565693393995;-0.0336545244439395,-0.270307769637252,-0.00868534421928211
q;1565693394020;0.00724983205162025,-0.0115670766855445,-0.00344504703073677,0.999900882249401,
v;1565693394020;0.0144190283170405,-0.0231862998999208,-0.00705792213660066
q;1565693394046;-0.00207176140420207,0.0113182658256885,0.00677313066795779,0.999910860709262,
v;1565693394046;-0.00429648686316602,0.0226085838888858,0.0134986908662567
q;1565693394075;0.00020770635221841,0.0177652634006294,0.000657094301728981,0.999841947760473,
v;1565693394075;0.000392000150869412,0.0355326634248683,0.00132136129515834
q;1565693394101;0.000219102583914473,0.0186525547781115,0.000614571300732394,0.99982581307767,
v;1565693394101;0.00041520220044513,0.0373075378459797,0.00123710256897701
q;1565693394125;0.000219685886360598,0.0192501868872757,0.000556693916595135,0.999814518865774,
v;1565693394125;0.000417857365839495,0.0385029932552959,0.00112163964259635
q;1565693394151;0.000202233220054492,0.0197097049587438,0.000562203023902513,0.999805566377745,
v;1565693394151;0.00038222609608489,0.0394221859973344,0.00113215966423125
q;1565693394181;0.000181294474933708,0.020109919033922,0.000555843810017647,0.999797604181177,
v;1565693394181;0.000340159621909986,0.0402227465908164,0.0011187545516327
q;1565693394214;0.000161334032016051,0.0204408857647248,0.000537368890248233,0.999790905837395,
v;1565693394214;0.000300632008353792,0.040884787946025,0.00108110893959151
q;1565693394244;0.000133339796475751,0.0206712241323289,0.000555494731679345,0.999786164206613,
v;1565693394244;0.000243657057514355,0.0413455358393862,0.0011162647526381
q;1565693394271;0.000102571447860227,0.0208266773975522,0.000599200193779307,0.99978291641076,
v;1565693394271;0.000180139665273823,0.041656482576422,0.00120241298866086
q;1565693394302;0.000111717167233017,0.0209655076281576,0.000601615613176162,0.999780012336625,
v;1565693394302;0.000198158829511198,0.0419342151829814,0.00120765126182443
q;1565693394325;0.000121072114408683,0.0211068184016933,0.000580347330117333,0.999777050524505,
v;1565693394325;0.00021759167319219,0.0422169060054152,0.00116554706972495
q;1565693394351;9.57697204196287e-05,0.0212069250914679,0.000564477157527152,0.999774943935816,
v;1565693394351;0.000167554684919524,0.0424171318357706,0.00113276245776519
q;1565693394376;4.42828657291291e-05,0.0212963775716349,0.000567112401700311,0.999773044608064,
v;1565693394376;6.43907513681258e-05,0.0425960188181846,0.00113585376081713
q;1565693394401;-2.97404143089877e-07,0.0213482502099205,0.000591891890916917,0.999771924929319,
v;1565693394401;-2.58663849971569e-05,0.0426997363987257,0.00118350136882746
q;1565693394426;-3.74590570641123e-05,0.021401774444111,0.000621198079033887,0.999770762105198,
v;1565693394426;-0.000101490422576886,0.0428067624966706,0.00124050829775803
q;1565693394451;-7.25549166969151e-05,0.0214192371518395,0.000631223158009765,0.999770379923781,
v;1565693394451;-0.000172117151146923,0.0428416508763543,0.00125904864235627
q;1565693394476;-0.000125922798182853,0.0214028533401951,0.000604202832584288,0.999770742196072,
v;1565693394476;-0.000277651191591783,0.0428088166261202,0.00120273875071218
q;1565693394502;-0.000107647980480231,0.0213987159274577,0.000598361382555546,0.999770836408136,
v;1565693394502;-0.000240854955787979,0.0428005631022213,0.00119184177945078
q;1565693394527;-3.23351438834147e-05,0.0213982390655994,0.000596169625628875,0.999770853196425,
v;1565693394527;-9.01694292449999e-05,0.042799698727152,0.00119068248643523
q;1565693394554;1.39299824537721e-05,0.0213874697813133,0.000578413715251756,0.999771094491076,
v;1565693394554;3.1119758960153e-06,0.0427782102421783,0.00115715873873736
q;1565693394578;1.29717553690955e-05,0.0213704127472817,0.000587244800454897,0.99977145410053,
v;1565693394578;8.38253916361523e-07,0.0427440872809963,0.00117477586987822
q;1565693394603;1.28643361809076e-05,0.0213600246262658,0.000590276287669005,0.999771674311879,
v;1565693394603;5.0616576317238e-07,0.0427233061745354,0.00118083286435318
q;1565693394626;1.65513917551478e-05,0.0213603011154193,0.000604236740311959,0.999771660010561,
v;1565693394626;7.28186738499713e-06,0.0427238637404285,0.00120890491771692
q;1565693394650;-6.85885065600603e-06,0.021363803788976,0.000593891536772211,0.999771591481507,
v;1565693394650;-3.90901326092034e-05,0.0427308428122396,0.00118721899129541
q;1565693394674;-1.08346214079992e-05,0.0212372737849576,0.000457349310636832,0.999774359001271,
v;1565693394674;-4.10900584086823e-05,0.042477726709416,0.000914032160164536
q;1565693394698;1.00503290162233e-05,0.0211391938122402,0.000363719916260628,0.999776476064416,
v;1565693394698;4.71867344786253e-06,0.0422815415662869,0.000727702208246837
q;1565693394726;6.55137432086866e-05,0.0210540015955408,0.000262777740520274,0.99977830326159,
v;1565693394726;0.00011993339240214,0.0421111479065735,0.000528197648371993
q;1565693394753;0.000110226234341225,0.0209809828765417,0.000180559342997664,0.999779852570572,
v;1565693394753;0.000212827313277576,0.0419650848349661,0.000365664512545744
q;1565693394782;0.000143766941413364,0.0209214767106297,0.000121675205954233,0.999781104211546,
v;1565693394782;0.00028237969664822,0.0418460424659771,0.000249312789483894
q;1565693394814;0.000165661050615956,0.0208631978711275,8.91121960884083e-05,0.999782322103178,
v;1565693394814;0.0003275316548304,0.0417294544488781,0.000185098046208374
q;1565693394841;0.000180805952477167,0.0208132872604361,9.08124414152056e-05,0.99978335960133,
v;1565693394841;0.000357753361978413,0.0416296151764299,0.000189111881227181
q;1565693394874;0.000170896769391261,0.0207973483845923,6.58772380756223e-05,0.999783694983397,
v;1565693394874;0.00033897946987555,0.041597720072053,0.000138834384721288
q;1565693394900;0.000124732448298528,0.0207839709153611,4.72157857232683e-05,0.999783981050644,
v;1565693394900;0.000247448346942993,0.0415709478126852,9.95960468067856e-05
q;1565693394925;0.000111741791456378,0.0208002768796477,4.65169705019297e-05,0.999783643510771,
v;1565693394925;0.00022150010086849,0.041603565221502,9.76623354606643e-05
q;1565693394954;0.000167419796960022,0.020830939860421,0.000127972407149207,0.999782990222481,
v;1565693394954;0.000329435365378834,0.0416649375760468,0.000262864312506284
q;1565693394981;0.000155995348144383,0.0208742326691686,0.000179611329161944,0.999782081163538,
v;1565693394981;0.000304424214991395,0.0417515546401393,0.00036565696841693
q;1565693395011;0.000150000727481995,0.0209576985760817,0.000201422253470887,0.999780331772561,
v;1565693395011;0.000291492864554566,0.0419185270801478,0.000409043383652957
q;1565693395039;0.000128557181198631,0.0210160327279055,0.000198741112654206,0.999779110775676,
v;1565693395039;0.000248704071713226,0.0420352114131941,0.000402797972972286
q;1565693395068;0.000109383150554332,0.0210788530689642,0.000196608380337389,0.999777790978459,
v;1565693395068;0.000210429132493412,0.0421608715825974,0.000397740746373654
q;1565693395096;0.000154284159465818,0.0211364840096115,0.000251541613515404,0.999776556019857,
v;1565693395096;0.000297865965019316,0.0422761939548652,0.000509492910095965
q;1565693395125;0.000169576177627563,0.0211861774387509,0.000284637482910585,0.999775492853749,
v;1565693395125;0.000327015458518835,0.0423756219132926,0.000576332564222307
q;1565693395153;0.000186194744149786,0.021287121388582,0.000265254473419498,0.999773351032407,
v;1565693395153;0.000361012086099184,0.042577558198162,0.000538315868853658
q;1565693395185;0.000167767776862024,0.0213674841579947,0.000244934945575352,0.999771645167837,
v;1565693395185;0.000324991651141264,0.0427383035296985,0.000496927624316852
q;1565693395214;0.000116355181278926,0.0214357617594093,0.000238834098497341,0.999770192362995,
v;1565693395214;0.000222417704102321,0.0428748625608097,0.000482546779748449
q;1565693395244;8.67709205871222e-05,0.0215504196903416,0.00026355069085745,0.99976772423549,
v;1565693395244;0.000162142276325553,0.0431042209164609,0.000530718880239896
q;1565693395271;5.82609829722151e-05,0.0216877852962923,0.000317749365169844,0.999764740131368,
v;1565693395271;0.000102711993162954,0.0433790066909271,0.000637876372993484
q;1565693395298;3.26357599449088e-05,0.0218302090874284,0.000364934018117273,0.999761625453422,
v;1565693395298;4.93227890036268e-05,0.0436639076675191,0.000731119011223089
q;1565693395323;5.03288950845406e-05,0.0220249593920707,0.000372901476400566,0.999757350348208,
v;1565693395323;8.42070859409316e-05,0.0440535155951083,0.000747839040073177
q;1565693395347;0.000124263657305327,0.0227101500702399,0.000415959701049004,0.999741997027162,
v;1565693395347;0.00022957018137315,0.0454243057034581,0.000837348976947307
q;1565693395371;0.000128688240091508,0.0240296383700749,0.000410729174676512,0.999711153894306,
v;1565693395371;0.000237562793152505,0.0480640057685673,0.000827405855806421
q;1565693395397;-0.000394372399984757,0.0276630481415866,0.000751335082604289,0.999616944501003,
v;1565693395397;-0.000830011199359358,0.0553325606463226,0.00148027652426194
q;1565693395422;-0.0019888282285956,0.254630606174012,0.00885619703468597,0.966995794580212,
v;1565693395422;-0.00835659196519106,0.514885753246634,0.0161162378385825
q;1565693395446;0.00143431454125233,0.0403726118742009,0.0058938902873213,0.999166280961049,
v;1565693395446;0.00239033623810422,0.0807828773088015,0.0118940813439297
q;1565693395470;0.00025558794859122,0.0275360531505266,0.000281772957813019,0.999620738608245,
v;1565693395470;0.00049546421788629,0.0550792152984833,0.000577408054048933
q;1565693395499;0.00388048798918474,0.0129794531080106,0.00287585465681572,0.999904097936385,
v;1565693395499;0.00768565330752441,0.0259824267324941,0.0058520971771084
q;1565693395528;0.0021009496476074,-0.0289025475657746,0.00610452657404057,0.999561385563735,
v;1565693395528;0.00455294475075078,-0.0577868450693324,0.012082671707625
q;1565693395559;-0.00259893789854828,-0.0670353280114454,-0.0109091817831669,0.997687576385022,
v;1565693395559;-0.006648506244839,-0.134108509368016,-0.0214215806649703
