q;1567274048338;9.54097911787244e-19,-1.11049407516828e-17,-5.20417042793042e-19,1,
v;1567274048338;1.90819582357449e-18,-2.22098815033656e-17,-1.04083408558608e-18
q;1567274048366;9.54097911787244e-19,-1.11049407516828e-17,-5.20417042793042e-19,1,
v;1567274048366;1.90819582357449e-18,-2.22098815033656e-17,-1.04083408558608e-18
q;1567274048398;2.25140719172781e-05,-0.000119017803237089,-1.32107996678443e-05,0.999999992576677,
v;1567274048398;4.50249988747996e-05,-0.000238036202054135,-2.64269583201786e-05
q;1567274048431;-2.23897331488229e-05,3.8128531393139e-05,-7.23396465676078e-07,0.999999999022196,
v;1567274048431;-4.47794111047357e-05,7.6257095255384e-05,-1.44850030667674e-06
q;1567274048464;-0.000203701877061236,0.00134861715644539,-0.000454908688189311,0.999998966397164,
v;1567274048464;-0.000406176348874223,0.00269742035014295,-0.000910366068523737
q;1567274048489;-8.85706443060294e-05,0.000342380125941172,-0.00274937676106381,0.999996157921878,
v;1567274048489;-0.000175257944995149,0.000685244713273346,-0.0054988208408862
q;1567274048519;0.00289500313205383,0.000569777739510826,-0.0124103194000667,0.999918635831227,
v;1567274048519;0.00580370999358335,0.00106762511616974,-0.0248182859208093
q;1567274048545;0.00112820250519892,-0.000265109255277719,-0.00662374161565186,0.999977391206021,
v;1567274048545;0.00225284387103275,-0.000545153777136452,-0.0132482030732826
q;1567274048570;0.00153858510306888,-0.000443117945719679,-0.00747173337622394,0.999970804375169,
v;1567274048570;0.00307046347253092,-0.000909206223707749,-0.0149450207954602
q;1567274048595;0.00279945873773304,0.000561146395738448,0.00113952084799379,0.999995274807704,
v;1567274048595;0.0055976413757908,0.00112868549409543,0.00228221047537933
q;1567274048620;0.00991648234568967,-3.67952001563506e-05,0.0102038223364935,0.999898766892792,
v;1567274048620;0.0198330080295637,0.000128814431577589,0.0204102798036038
q;1567274048645;0.0283435480806414,-0.000667574395467065,0.0287726738779703,0.999183832367467,
v;1567274048645;0.0567096371058951,0.000297458432059627,0.0575848784207634
q;1567274048670;0.0497047839583782,0.00498720671773216,0.0674972867581252,0.996468102099157,
v;1567274048670;0.098544635437633,0.0167310097911107,0.136091487489551
q;1567274048698;0.108410342527433,0.0130087512592638,0.0774433062486318,0.990999749919766,
v;1567274048698;0.214495343075142,0.0435869747753772,0.160669637541192
q;1567274048726;0.119352185939042,0.0431666832149394,0.165755172033157,0.977965702934439,
v;1567274048726;0.220927308202117,0.127431039319004,0.34994136904608
q;1567274048752;0.239150921351353,0.0838426938619143,0.109678263561672,0.961118056226639,
v;1567274048752;0.457061445844316,0.24036893191466,0.283411918553949
q;1567274048780;0.165582784054902,0.163952293614859,0.210806266343402,0.949348568816223,
v;1567274048780;0.247795318448285,0.404016925634455,0.488015675963735
q;1567274048808;0.219501363934379,0.252008649040405,0.0906491066030313,0.938133003103425,
v;1567274048808;0.374872868914707,0.583427018953312,0.30643705772618
q;1567274048839;0.0949144339033134,0.281585186745907,0.10675186304964,0.948844071793421,
v;1567274048839;0.12028838083344,0.592772071500997,0.260846280328284
q;1567274048870;0.0661932835741083,0.219605586990831,0.00374147767432789,0.97333336361028,
v;1567274048870;0.127558604454078,0.446154839898305,0.0366622508430114
q;1567274048900;0.0432913136401802,0.238226094889445,0.00109419397101153,0.970243779993763,
v;1567274048900;0.0835822078216846,0.482493296962319,0.0228311902707049
q;1567274048928;0.0688258301027885,0.301700891504861,-0.019163920558382,0.950722000021387,
v;1567274048928;0.142918039195331,0.614942126742702,0.00514296391130716
q;1567274048957;-0.0286604357754444,0.0941344804347366,-0.176993031309236,0.979280728842559,
v;1567274048957;-0.0228129094823608,0.195813126058823,-0.359855751175013
q;1567274048985;0.00231334271177093,0.278616443148645,-0.0797647772580215,0.957081556797368,
v;1567274048985;0.0488951525820492,0.562834938508683,-0.152161363433136
q;1567274049013;2.65124840808259e-05,0.2799903019565,-0.0810676462716788,0.956573816720575,
v;1567274049013;0.0454626910028598,0.565943594439225,-0.155870323956818
q;1567274049041;-0.00205091686418419,0.281074700526943,-0.0821394611550354,0.956162075897631,
v;1567274049041;0.042265213312971,0.56844661973246,-0.159041250077699
q;1567274049070;-0.0037208981052054,0.282021538239436,-0.0820046916805152,0.955889762173828,
v;1567274049070;0.0391506425117062,0.570659545931987,-0.159673100169454
q;1567274049098;-0.00466705915384206,0.282883033052082,-0.0813985764533718,0.955682834376276,
v;1567274049098;0.0371406339538623,0.572608564809736,-0.159001214913965
q;1567274049129;-0.00515653460485713,0.283434206191462,-0.0801747007424198,0.955620467692247,
v;1567274049129;0.0356006449030696,0.573864924737501,-0.156898191962986
q;1567274049153;-0.00566964990204503,0.283990701904331,-0.0785358778986573,0.955588432425048,
v;1567274049153;0.0337776370668673,0.575145967782218,-0.15401184105444
q;1567274049179;-0.00596572536074724,0.284546511900089,-0.0765079875563955,0.955585799667661,
v;1567274049179;0.0321441723010931,0.576402956400658,-0.150257032233823
q;1567274049204;-0.00595107659432209,0.284886551612133,-0.0741387547906562,0.955671325527771,
v;1567274049204;0.0308726258526384,0.57717440267405,-0.14567923314497
q;1567274049228;-0.0310117921290817,0.266120894079897,-0.0822530126683339,0.959923111707413,
v;1567274049228;-0.0157600338574842,0.542264449781341,-0.175337599286565
q;1567274049252;-0.00318388144664558,0.286756743957235,-0.0621071048229771,0.95598281377046,
v;1567274049252;0.0295360846855572,0.58105240462958,-0.120919717823259
q;1567274049276;-0.0024730816925487,0.287104540910672,-0.0591910831988278,0.956065521878686,
v;1567274049276;0.0292633776712348,0.581777092788688,-0.114902931253949
q;1567274049301;-0.00216568985119077,0.287138082410301,-0.0572691160238935,0.956173247778375,
v;1567274049301;0.0287506996529185,0.581864643180998,-0.111035910482617
q;1567274049326;-0.00165604384234082,0.287166431774118,-0.0554507691845787,0.956272926615489,
v;1567274049326;0.0286838724520011,0.581919741585158,-0.10725279957587
q;1567274049350;-0.00111018792217735,0.287204633130944,-0.0536291652612648,0.956366132202661,
v;1567274049350;0.0286855310756873,0.581994043261331,-0.1034427990508
q;1567274049375;-0.000587178701580097,0.287220711938249,-0.0517178868097525,0.956467029248155,
v;1567274049375;0.0285895569162503,0.582028607426728,-0.0994747636940514
q;1567274049399;-3.03973445371834e-05,0.287191165314384,-0.0496955595103565,0.956583287020174,
v;1567274049399;0.0284899500609472,0.581969901618094,-0.09527602826274
q;1567274049423;-0.0220720481099802,0.256483536268832,-0.00720724278247784,0.966269670416463,
v;1567274049423;-0.0389678844215568,0.519400157440143,-0.0252723877926283
q;1567274049448;0.000217251417158098,0.286961256251157,-0.0484208103785302,0.956717625705132,
v;1567274049448;0.0282092308205576,0.581501512244714,-0.0926949137099707
q;1567274049473;-0.000101955725156861,0.286942029275128,-0.049180699033148,0.95668465038544,
v;1567274049473;0.0280326115299558,0.581468741741459,-0.094336218249043
q;1567274049499;-0.000526001391409568,0.287036821492093,-0.0499906808917477,0.956614090558064,
v;1567274049499;0.0276955120743229,0.581682166999836,-0.0961303409071241
q;1567274049526;-0.000964599350924489,0.2871817901651,-0.0508517964411949,0.956524847426539,
v;1567274049526;0.0273655087880048,0.582001421609135,-0.0980296213217162
q;1567274049554;-0.00109347084785603,0.287259622621047,-0.0511368972802821,0.956486137520908,
v;1567274049554;0.0272907397076937,0.582168204480697,-0.0986482819884615
q;1567274049586;-0.00121151835486756,0.287204482057185,-0.0508493382240377,0.95651788405221,
v;1567274049586;0.0268938796022999,0.582070262232339,-0.0981655369443154
q;1567274049618;-0.00122427689779372,0.287199066875949,-0.0505137142363548,0.956537276746552,
v;1567274049618;0.0266760139125294,0.582067924238454,-0.0975289083835279
q;1567274049647;-0.0011547001854671,0.287273687801337,-0.0502371293151228,0.956529521657684,
v;1567274049647;0.0266577583890041,0.582224051325671,-0.0969562538992169
q;1567274049675;-0.00113787984260031,0.287310340185811,-0.050024549210519,0.956529674462879,
v;1567274049675;0.0265714354760364,0.582304021400234,-0.0965376834020299
q;1567274049705;-0.00119370086741683,0.287272727307817,-0.0499984929408833,0.956542265625,
v;1567274049705;0.026445838710252,0.58223092553627,-0.0965206754352746
q;1567274049735;-0.00118224269249622,0.287183321730756,-0.0501156073671779,0.956562997360929,
v;1567274049735;0.0265260646171065,0.582040705105847,-0.0967413199078914
q;1567274049763;-0.00111208069885647,0.287116924703267,-0.0503483011970077,0.956570793716824,
v;1567274049763;0.0267873344513,0.581890737413118,-0.0971495665480242
q;1567274049791;-0.00097185586235314,0.287060856383534,-0.0506574078306883,0.956571454341186,
v;1567274049791;0.0272275826271244,0.581754387857872,-0.0976641496651127
q;1567274049816;-0.000844020936282765,0.287007569045086,-0.0509163549148135,0.956573817194302,
v;1567274049816;0.0276155317210651,0.581625966565208,-0.0980895449018329
q;1567274049845;-0.000775915835590511,0.286975984429693,-0.0511415261962279,0.956571339009039,
v;1567274049845;0.0278719505114836,0.581548714071856,-0.0984836861281762
q;1567274049872;-0.000722321244504625,0.286971608599444,-0.0513934866101639,0.956559189827748,
v;1567274049872;0.0281187622719627,0.581528760134499,-0.0989367696260284
q;1567274049897;-0.000642728593889824,0.286974955008506,-0.0517792615338792,0.956537437935822,
v;1567274049897;0.0284929697496917,0.581519242411314,-0.099631621435363
q;1567274049924;-0.000608341637624889,0.287021731428767,-0.0522128292583287,0.956499856805491,
v;1567274049924;0.0288126623346458,0.581602942097766,-0.100442766412737
q;1567274049947;-0.000840980698386737,0.287047904109778,-0.0534859673571943,0.956421478634558,
v;1567274049947;0.0291015131474972,0.581646165571416,-0.103018726301242
q;1567274049972;-0.000880177615354829,0.28722889783772,-0.0539961509628721,0.956338434454816,
v;1567274049972;0.0293392234623698,0.582014282371995,-0.104014954264765
q;1567274049997;-0.000920304355079173,0.287495918811663,-0.0551589571799283,0.956191789940362,
v;1567274049997;0.0299604572411652,0.58254492880669,-0.106261713757749
q;1567274050026;-0.000862127535727361,0.287622479359523,-0.0555789741269729,0.95612945971672,
v;1567274050026;0.0303275624120392,0.582792433276359,-0.107030679657137
q;1567274050054;-0.000808069320649403,0.287734137747033,-0.055993681689378,0.956071713110378,
v;1567274050054;0.0306822568249628,0.583009220137692,-0.107792225640656
q;1567274050079;-0.000761435278743487,0.287831895072947,-0.0564531218958001,0.956015306061179,
v;1567274050079;0.031047118154977,0.583196347217016,-0.108644289029108
q;1567274050103;-0.000684971778342023,0.287889132567343,-0.0569216235319587,0.955970348356983,
v;1567274050103;0.0314698023145949,0.583295641235399,-0.109497946844656
q;1567274050128;-0.000499006566615837,0.287957081117076,-0.0575225706816511,0.955914025574034,
v;1567274050128;0.0321796018709321,0.583402744937045,-0.11054275845979
q;1567274050153;-0.000336573075023704,0.28805777501943,-0.0581364180234601,0.955846620472564,
v;1567274050153;0.0328557809706363,0.583579598567575,-0.111624685675684
q;1567274050178;-0.000151364944454034,0.28817594320486,-0.058929815661485,0.955762459857441,
v;1567274050178;0.0336813404000456,0.583784920695617,-0.113037594077966
q;1567274050204;-5.42103460128529e-05,0.288524398214604,-0.0604557219751472,0.955562020162272,
v;1567274050204;0.0347893160475026,0.584456673467554,-0.115898933462507
q;1567274050229;8.49318177721193e-05,0.288708900122173,-0.0612470844581644,0.95545589035926,
v;1567274050229;0.0355349320305771,0.584803244601395,-0.117331662394737
q;1567274050254;0.000276302063212568,0.288895743346449,-0.0620052778081372,0.955350469020353,
v;1567274050254;0.036362064714692,0.585149726181993,-0.118670495077688
q;1567274050279;0.000276302063212568,0.288895743346449,-0.0620052778081372,0.955350469020353,
v;1567274050279;0.036362064714692,0.585149726181993,-0.118670495077688
q;1567274050307;0.000276302063212568,0.288895743346449,-0.0620052778081372,0.955350469020353,
v;1567274050307;0.036362064714692,0.585149726181993,-0.118670495077688
q;1567274050331;0.000276302063212568,0.288895743346449,-0.0620052778081372,0.955350469020353,
v;1567274050331;0.036362064714692,0.585149726181993,-0.118670495077688
q;1567274050358;0.000276302063212568,0.288895743346449,-0.0620052778081372,0.955350469020353,
v;1567274050358;0.036362064714692,0.585149726181993,-0.118670495077688
q;1567274050383;0.000276302063212568,0.288895743346449,-0.0620052778081372,0.955350469020353,
v;1567274050383;0.036362064714692,0.585149726181993,-0.118670495077688
q;1567274050408;0.000276302063212568,0.288895743346449,-0.0620052778081372,0.955350469020353,
v;1567274050408;0.036362064714692,0.585149726181993,-0.118670495077688
q;1567274050433;0.000276302063212568,0.288895743346449,-0.0620052778081372,0.955350469020353,
v;1567274050433;0.036362064714692,0.585149726181993,-0.118670495077688
q;1567274050459;0.000276302063212568,0.288895743346449,-0.0620052778081372,0.955350469020353,
v;1567274050459;0.036362064714692,0.585149726181993,-0.118670495077688
q;1567274050484;0.000276302063212568,0.288895743346449,-0.0620052778081372,0.955350469020353,
v;1567274050484;0.036362064714692,0.585149726181993,-0.118670495077688
q;1567274050509;0.000276302063212568,0.288895743346449,-0.0620052778081372,0.955350469020353,
v;1567274050509;0.036362064714692,0.585149726181993,-0.118670495077688
q;1567274050534;0.000276302063212568,0.288895743346449,-0.0620052778081372,0.955350469020353,
v;1567274050534;0.036362064714692,0.585149726181993,-0.118670495077688
q;1567274050559;0.000276302063212568,0.288895743346449,-0.0620052778081372,0.955350469020353,
v;1567274050559;0.036362064714692,0.585149726181993,-0.118670495077688
q;1567274050583;0.000276302063212568,0.288895743346449,-0.0620052778081372,0.955350469020353,
v;1567274050583;0.036362064714692,0.585149726181993,-0.118670495077688
q;1567274050610;0.000276302063212568,0.288895743346449,-0.0620052778081372,0.955350469020353,
v;1567274050610;0.036362064714692,0.585149726181993,-0.118670495077688
q;1567274050639;0.000276302063212568,0.288895743346449,-0.0620052778081372,0.955350469020353,
v;1567274050639;0.036362064714692,0.585149726181993,-0.118670495077688
q;1567274050665;0.000276302063212568,0.288895743346449,-0.0620052778081372,0.955350469020353,
v;1567274050665;0.036362064714692,0.585149726181993,-0.118670495077688
q;1567274050690;0.000276302063212568,0.288895743346449,-0.0620052778081372,0.955350469020353,
v;1567274050690;0.036362064714692,0.585149726181993,-0.118670495077688
q;1567274050715;0.000276302063212568,0.288895743346449,-0.0620052778081372,0.955350469020353,
v;1567274050715;0.036362064714692,0.585149726181993,-0.118670495077688
q;1567274050741;0.000276302063212568,0.288895743346449,-0.0620052778081372,0.955350469020353,
v;1567274050741;0.036362064714692,0.585149726181993,-0.118670495077688
q;1567274050769;0.000276302063212568,0.288895743346449,-0.0620052778081372,0.955350469020353,
v;1567274050769;0.036362064714692,0.585149726181993,-0.118670495077688
q;1567274050797;0.000276302063212568,0.288895743346449,-0.0620052778081372,0.955350469020353,
v;1567274050797;0.036362064714692,0.585149726181993,-0.118670495077688
q;1567274050825;0.000276302063212568,0.288895743346449,-0.0620052778081372,0.955350469020353,
v;1567274050825;0.036362064714692,0.585149726181993,-0.118670495077688
q;1567274050849;0.000276302063212568,0.288895743346449,-0.0620052778081372,0.955350469020353,
v;1567274050849;0.036362064714692,0.585149726181993,-0.118670495077688
q;1567274050874;0.000276302063212568,0.288895743346449,-0.0620052778081372,0.955350469020353,
v;1567274050874;0.036362064714692,0.585149726181993,-0.118670495077688
q;1567274050902;0.000276302063212568,0.288895743346449,-0.0620052778081372,0.955350469020353,
v;1567274050902;0.036362064714692,0.585149726181993,-0.118670495077688
q;1567274050931;0.000276302063212568,0.288895743346449,-0.0620052778081372,0.955350469020353,
v;1567274050931;0.036362064714692,0.585149726181993,-0.118670495077688
q;1567274050956;0.000276302063212568,0.288895743346449,-0.0620052778081372,0.955350469020353,
v;1567274050956;0.036362064714692,0.585149726181993,-0.118670495077688
q;1567274050984;0.000276302063212568,0.288895743346449,-0.0620052778081372,0.955350469020353,
v;1567274050984;0.036362064714692,0.585149726181993,-0.118670495077688
q;1567274051009;0.000276302063212568,0.288895743346449,-0.0620052778081372,0.955350469020353,
v;1567274051009;0.036362064714692,0.585149726181993,-0.118670495077688
q;1567274051034;0.000276302063212568,0.288895743346449,-0.0620052778081372,0.955350469020353,
v;1567274051034;0.036362064714692,0.585149726181993,-0.118670495077688
q;1567274051059;0.000276302063212568,0.288895743346449,-0.0620052778081372,0.955350469020353,
v;1567274051059;0.036362064714692,0.585149726181993,-0.118670495077688
q;1567274051087;0.000276302063212568,0.288895743346449,-0.0620052778081372,0.955350469020353,
v;1567274051087;0.036362064714692,0.585149726181993,-0.118670495077688
q;1567274051112;0.000276302063212568,0.288895743346449,-0.0620052778081372,0.955350469020353,
v;1567274051112;0.036362064714692,0.585149726181993,-0.118670495077688
q;1567274051138;0.000276302063212568,0.288895743346449,-0.0620052778081372,0.955350469020353,
v;1567274051138;0.036362064714692,0.585149726181993,-0.118670495077688
q;1567274051162;0.000276302063212568,0.288895743346449,-0.0620052778081372,0.955350469020353,
v;1567274051162;0.036362064714692,0.585149726181993,-0.118670495077688
q;1567274051192;0.000276302063212568,0.288895743346449,-0.0620052778081372,0.955350469020353,
v;1567274051192;0.036362064714692,0.585149726181993,-0.118670495077688
q;1567274051220;0.000276302063212568,0.288895743346449,-0.0620052778081372,0.955350469020353,
v;1567274051220;0.036362064714692,0.585149726181993,-0.118670495077688
q;1567274051244;0.000276302063212568,0.288895743346449,-0.0620052778081372,0.955350469020353,
v;1567274051244;0.036362064714692,0.585149726181993,-0.118670495077688
q;1567274051269;0.000276302063212568,0.288895743346449,-0.0620052778081372,0.955350469020353,
v;1567274051269;0.036362064714692,0.585149726181993,-0.118670495077688
q;1567274051293;0.000276302063212568,0.288895743346449,-0.0620052778081372,0.955350469020353,
v;1567274051293;0.036362064714692,0.585149726181993,-0.118670495077688
q;1567274051321;0.000276302063212568,0.288895743346449,-0.0620052778081372,0.955350469020353,
v;1567274051321;0.036362064714692,0.585149726181993,-0.118670495077688
q;1567274051348;0.000276302063212568,0.288895743346449,-0.0620052778081372,0.955350469020353,
v;1567274051348;0.036362064714692,0.585149726181993,-0.118670495077688
q;1567274051376;0.000276302063212568,0.288895743346449,-0.0620052778081372,0.955350469020353,
v;1567274051376;0.036362064714692,0.585149726181993,-0.118670495077688
q;1567274051403;0.000276302063212568,0.288895743346449,-0.0620052778081372,0.955350469020353,
v;1567274051403;0.036362064714692,0.585149726181993,-0.118670495077688
q;1567274051428;0.000276302063212568,0.288895743346449,-0.0620052778081372,0.955350469020353,
v;1567274051428;0.036362064714692,0.585149726181993,-0.118670495077688
q;1567274051454;0.000276302063212568,0.288895743346449,-0.0620052778081372,0.955350469020353,
v;1567274051454;0.036362064714692,0.585149726181993,-0.118670495077688
q;1567274051483;0.000276302063212568,0.288895743346449,-0.0620052778081372,0.955350469020353,
v;1567274051483;0.036362064714692,0.585149726181993,-0.118670495077688
q;1567274051511;0.000507774456263418,0.289013484733135,-0.0627202482558003,0.955268087118083,
v;1567274051511;0.0372327183606722,0.58534853818698,-0.119905814385239
q;1567274051538;0.000761310587863709,0.289122516028709,-0.0634345058493544,0.955187758819734,
v;1567274051538;0.0381443262370251,0.585526172230658,-0.121127372810983
q;1567274051567;0.000468730723841237,0.289354424109885,-0.0646215683512116,0.955038140831755,
v;1567274051567;0.0383017490726165,0.586001478225732,-0.123565463278197
q;1567274051593;0.000289368760276023,0.2895013305963,-0.0658678251206963,0.954908542983338,
v;1567274051593;0.0386999467716514,0.586285579122976,-0.126055659784466
q;1567274051621;-0.000372463198605967,0.289947116941838,-0.0683315528203691,0.954600088800247,
v;1567274051621;0.0389237945823451,0.587206517359106,-0.131149295744443
q;1567274051648;-0.000575944082936836,0.290279023974069,-0.0707596205012957,0.954322184922675,
v;1567274051648;0.0399914536992372,0.587839327286781,-0.13591573514768
q;1567274051675;-0.000961738326734475,0.290737956932102,-0.0731323802434501,0.954003233966356,
v;1567274051675;0.040700951068094,0.588760299911834,-0.140675932418762
q;1567274051701;-0.00121583487186464,0.291055639086858,-0.075464642961294,0.953724396439574,
v;1567274051701;0.0416216933014694,0.589371444620498,-0.145288685279373
q;1567274051725;-0.00124885201246263,0.291396468578073,-0.0778527927010914,0.953428277920012,
v;1567274051725;0.0430039296512242,0.589998876475998,-0.149880507382072
q;1567274051750;-0.00207012642661728,0.292178118486982,-0.0806836340862322,0.952952156639894,
v;1567274051750;0.0432159724961671,0.591634327975318,-0.155758859552878
q;1567274051774;-0.00287813128945332,0.292983364509372,-0.0830006603766675,0.952503729576996,
v;1567274051774;0.0431661680270356,0.593341029459272,-0.160642395676683
q;1567274051799;-0.00355502943647446,0.293661532648815,-0.0853974662107133,0.952080636696727,
v;1567274051799;0.0434001755443879,0.594764503228583,-0.165609712095304
q;1567274051826;-0.0112145830784478,0.303124238833288,-0.0890274021007682,0.948717055097728,
v;1567274051826;0.0326996216462051,0.615618742499817,-0.17673506806939
q;1567274051850;-0.0432478212444199,0.288572517226781,-0.196264040237725,0.936128172190419,
v;1567274051850;0.032307428519953,0.591429954922526,-0.403480516757195
q;1567274051874;-0.040525861673365,0.402804979458645,-0.188407208580932,0.894767303165294,
v;1567274051874;0.079343515221956,0.830735148187147,-0.380060191225849
q;1567274051899;-0.00440012114610862,0.354532441237703,-0.0812234007279402,0.931498870755152,
v;1567274051899;0.0494153539162445,0.723505458999608,-0.155250646483631
q;1567274051923;-0.00432666467239384,0.35477194227657,-0.078966333864446,0.931602096960999,
v;1567274051923;0.0479870344631526,0.72409594354766,-0.150946023696438
q;1567274051948;-0.00413855020668359,0.355005717036727,-0.076812838885127,0.931693941729704,
v;1567274051948;0.0468433991457376,0.724653813237246,-0.146757173677387
q;1567274051972;-0.00390641857807465,0.355402924601781,-0.074364261125306,0.93174216269614,
v;1567274051972;0.0455947980771849,0.725565197289316,-0.141976897520754
q;1567274051998;-0.0035700037492645,0.355701486501141,-0.071968963784381,0.931817673059441,
v;1567274051998;0.0445604949964107,0.726250489879917,-0.137229723483161
q;1567274052023;-0.00299589759946015,0.355971262291731,-0.0694253201569908,0.931909657606951,
v;1567274052023;0.0438570839777282,0.726852740180005,-0.132039089844808
q;1567274052047;-0.00258803847733545,0.35626009391647,-0.0673394875815505,0.931953561585405,
v;1567274052047;0.0431702889608672,0.727498986487403,-0.127825160624547
q;1567274052075;-0.00219290461204152,0.356583069113352,-0.0655590180278112,0.931958003960637,
v;1567274052075;0.0426800380799748,0.728209714447988,-0.124192218814474
q;1567274052103;-0.00190479493721259,0.35702613433589,-0.0639154887035456,0.931903171719684,
v;1567274052103;0.0421012672561131,0.729184144258141,-0.120887298107193
q;1567274052136;-0.00172977793963449,0.357444653279785,-0.0618297495198871,0.931883796288079,
v;1567274052136;0.0409889993183859,0.73013183821522,-0.116836430781164
q;1567274052167;-0.000393465263582141,0.357725492208466,-0.0586520254080516,0.931982970512246,
v;1567274052167;0.041240933001664,0.73071433861898,-0.10992138378846
q;1567274052196;-0.000215918802511566,0.357762237236294,-0.0569790530934709,0.932072702365714,
v;1567274052196;0.0403783743212197,0.730832154304,-0.106660631327822
q;1567274052224;-0.000138292981253632,0.357898274685204,-0.0550279965474801,0.932137718069801,
v;1567274052224;0.0391410272134706,0.7311788471614,-0.10294678359589
q;1567274052249;-0.000290546234575073,0.358092639792673,-0.0534997206153883,0.932152003057053,
v;1567274052249;0.0377830347931107,0.731654282840594,-0.100186729475952
q;1567274052274;-0.000280235701166646,0.358247470235321,-0.052007524627914,0.932176962234115,
v;1567274052274;0.0367489406545262,0.732029367923891,-0.0973807016653453
q;1567274052300;-0.000153829612459356,0.358486142836993,-0.0502591149569639,0.932181142854782,
v;1567274052300;0.0357552163680855,0.732581347086644,-0.094009901173228
q;1567274052324;0.000842847473352909,0.358680829542591,-0.0481846384505638,0.932215421854929,
v;1567274052324;0.0361451129057834,0.732985533919153,-0.0894096983497501
q;1567274052349;0.00128590817161936,0.359103919223342,-0.0467437108298214,0.932125392389065,
v;1567274052349;0.0359767152531561,0.733902983687063,-0.0863816646127194
q;1567274052377;0.00160127448294135,0.359600596084868,-0.0456295247337073,0.931988623153746,
v;1567274052377;0.0358092003131852,0.734978341303323,-0.0840535169957817
q;1567274052402;0.00241820663841294,0.360021654836292,-0.0434034634531849,0.931930630297052,
v;1567274052402;0.0357672007812686,0.735893636792808,-0.07929053697956
q;1567274052426;0.00356642709040345,0.360191899659454,-0.04154795612616,0.931945729835843,
v;1567274052426;0.0365860689259993,0.736246899790111,-0.0749920921432488
q;1567274052451;0.00472861334286389,0.360326823948243,-0.0397387892019007,0.93196730028043,
v;1567274052451;0.0374604901204402,0.736529593176761,-0.0707714837951776
q;1567274052476;0.00571303786185625,0.360368758267969,-0.0374537213010114,0.932040201935249,
v;1567274052476;0.0376527602799372,0.736642292701735,-0.0657932033073472
q;1567274052500;0.0070300572389976,0.360398923666381,-0.0349768731303746,0.932115772026926,
v;1567274052500;0.0383262915756386,0.736728838200592,-0.0602183232442387
q;1567274052524;0.00774301260881209,0.360278551991583,-0.0338775503501431,0.932197255044694,
v;1567274052524;0.038856516813652,0.736479183987035,-0.0576572731601658
q;1567274052551;0.00883436380615377,0.360202619739355,-0.0324798864179985,0.932266637677934,
v;1567274052551;0.0398812167176173,0.736325538066688,-0.0542652636371581
q;1567274052578;0.0109306850661355,0.360193415067479,-0.0298777299734821,0.932334996188411,
v;1567274052578;0.0419179182930493,0.736337315422925,-0.0478981567424633
q;1567274052604;0.0135896066162105,0.360271190831805,-0.0266457898944405,0.932367949647322,
v;1567274052604;0.0445551883285417,0.736572792239857,-0.039945728250978
q;1567274052628;0.0155680555778088,0.360234065871522,-0.0248108474155836,0.932401992319685,
v;1567274052628;0.0469240151069705,0.736545433289806,-0.0350969083916965
q;1567274052656;0.0173772743474728,0.360119689992441,-0.0233681120309418,0.932451484290797,
v;1567274052656;0.0492574815210681,0.736353631032957,-0.0311062030932081
q;1567274052680;0.0199295204971873,0.360049898429503,-0.0203535911110081,0.932498051570373,
v;1567274052680;0.0518483219624193,0.736343056973403,-0.0236420946714124
q;1567274052705;0.0225255720116111,0.35989207633683,-0.017675808493718,0.932554479797083,
v;1567274052705;0.0547627808321941,0.73616130218942,-0.0167796998000621
q;1567274052730;0.0255861226140247,0.359587549844593,-0.0147457893899176,0.932643933139337,
v;1567274052730;0.0583634167405507,0.735721770226607,-0.00911989403720184
q;1567274052755;0.0292656638284802,0.359351646227424,-0.0102877120641343,0.932686484438798,
v;1567274052755;0.0620249524162932,0.735574201371909,0.00184646061651219
q;1567274052779;0.0327921100111252,0.359332776089973,-0.00610970499429625,0.932613159382482,
v;1567274052779;0.0656025866645686,0.735934666647834,0.0121971160156219
q;1567274052803;0.0364478153905121,0.359196446357839,-0.00185292156755266,0.932548141577057,
v;1567274052803;0.0693654233232391,0.736117210745877,0.0227847341423551
q;1567274052827;0.0405566026297041,0.359102593450612,0.0032674386645811,0.932410753479792,
v;1567274052827;0.0733498886655356,0.736546364561811,0.0353234589952391
q;1567274052852;0.0639866072521518,0.342986642826751,0.0126458918494112,0.937073080583434,
v;1567274052852;0.111476252005052,0.7055470820265,0.0680680790718163
q;1567274052876;0.0492151412053564,0.359141113575492,0.0368401687127325,0.93125631937996,
v;1567274052876;0.0652484719668308,0.739563085571409,0.104376763128073
q;1567274052902;0.153883647919057,0.348619811491711,0.0304661197062691,0.924043216245134,
v;1567274052902;0.266283860485373,0.744406546530554,0.170397769714341
q;1567274052926;0.113409364590435,0.319692550244148,0.104671830533672,0.934868331496108,
v;1567274052926;0.145634293753954,0.679149898823391,0.2745260538464
q;1567274052951;0.177536610360156,0.364801075387992,0.179551767170676,0.89619310992859,
v;1567274052951;0.188324027513831,0.819104713750268,0.477410906865992
q;1567274052975;0.290014971530528,0.44501047277767,0.113798424238891,0.839587347479158,
v;1567274052975;0.395969464469255,1.07894827031891,0.508514356229122
q;1567274053000;0.160086219401378,0.49124772556914,0.208663079963747,0.830366059964498,
v;1567274053000;0.0608874137463217,1.08494486265001,0.529095588288045
q;1567274053024;0.122873488194654,0.544556498475414,0.0774685411995095,0.826050210938472,
v;1567274053024;0.118907352941879,1.1816489793375,0.266825640011856
q;1567274053049;0.196246529891838,0.571737457573634,0.00731831736397514,0.796586480768792,
v;1567274053049;0.309189167136782,1.28428418845254,0.250422698137987
q;1567274053077;0.0626673593345347,0.587487877009023,-0.059226855167062,0.804625985205852,
v;1567274053077;0.171273841556878,1.25944646497489,-0.0220019776300417
q;1567274053104;0.0532292035892274,0.516100441624103,-0.0347480960365004,0.854166000179415,
v;1567274053104;0.127142437648437,1.08674338733241,-0.00445401964753022
